index,model,text_type,K,time_human,time_seconds,time_minutes,time_hours
FlatL2,E5_base,open,1,"""0:19:37.878526""",1177.878526,19.631309,0.327188
FlatL2,E5_base,open,5,"""0:19:54.628881""",1194.628881,19.910481,0.331841
FlatL2,E5_base,open,10,"""0:20:40.771525""",1240.771525,20.679525,0.344659
FlatL2,E5_base,open,20,"""0:22:13.867845""",1333.867845,22.231131,0.370519
FlatL2,E5_base,source,1,"""0:19:43.589543""",1183.589543,19.726492,0.328775
FlatL2,E5_base,source,5,"""0:20:00.190311""",1200.190311,20.003172,0.333386
FlatL2,E5_base,source,10,"""0:20:44.010332""",1244.010332,20.733506,0.345558
FlatL2,E5_base,source,20,"""0:22:14.920898""",1334.920898,22.248682,0.370811
FlatL2,E5_base,title,1,"""0:18:11.665412""",1091.665412,18.194424,0.30324
FlatL2,E5_base,title,5,"""0:18:21.160755""",1101.160755,18.352679,0.305878
FlatL2,E5_base,title,10,"""0:19:06.621249""",1146.621249,19.110354,0.318506
FlatL2,E5_base,title,20,"""0:20:34.775388""",1234.775388,20.57959,0.342993
FlatL2,E5_large,open,1,"""0:23:56.110063""",1436.110063,23.935168,0.398919
FlatL2,E5_large,open,5,"""0:24:20.573133""",1460.573133,24.342886,0.405715
FlatL2,E5_large,open,10,"""0:25:06.818872""",1506.818872,25.113648,0.418561
FlatL2,E5_large,open,20,"""0:26:41.589849""",1601.589849,26.693164,0.444886
FlatL2,E5_large,source,1,"""0:23:54.793398""",1434.793398,23.913223,0.398554
FlatL2,E5_large,source,5,"""0:24:20.856052""",1460.856052,24.347601,0.405793
FlatL2,E5_large,source,10,"""0:25:11.270804""",1511.270804,25.187847,0.419797
FlatL2,E5_large,source,20,"""0:26:40.140702""",1600.140702,26.669012,0.444484
FlatL2,E5_large,title,1,"""0:24:15.535983""",1455.535983,24.258933,0.404316
FlatL2,E5_large,title,5,"""0:24:18.209166""",1458.209166,24.303486,0.405058
FlatL2,E5_large,title,10,"""0:25:03.200655""",1503.200655,25.053344,0.417556
FlatL2,E5_large,title,20,"""0:26:34.315137""",1594.315137,26.571919,0.442865
FlatL2,E5_small,open,1,"""0:09:10.256703""",550.256703,9.170945,0.152849
FlatL2,E5_small,open,5,"""0:09:36.127323""",576.127323,9.602122,0.160035
FlatL2,E5_small,open,10,"""0:10:23.977148""",623.977148,10.399619,0.173327
FlatL2,E5_small,open,20,"""0:12:01.560811""",721.560811,12.026014,0.200434
FlatL2,E5_small,source,1,"""0:09:17.437127""",557.437127,9.290619,0.154844
FlatL2,E5_small,source,5,"""0:09:41.621547""",581.621547,9.693692,0.161562
FlatL2,E5_small,source,10,"""0:10:24.547436""",624.547436,10.409124,0.173485
FlatL2,E5_small,source,20,"""0:11:55.646813""",715.646813,11.927447,0.198791
FlatL2,E5_small,title,1,"""0:09:17.937090""",557.93709,9.298951,0.154983
FlatL2,E5_small,title,5,"""0:09:40.201805""",580.201805,9.67003,0.161167
FlatL2,E5_small,title,10,"""0:10:26.093594""",626.093594,10.434893,0.173915
FlatL2,E5_small,title,20,"""0:11:55.651959""",715.651959,11.927533,0.198792
FlatL2,LaBSE,open,1,"""0:18:10.830231""",1090.830231,18.180504,0.303008
FlatL2,LaBSE,open,5,"""0:18:28.170175""",1108.170175,18.469503,0.307825
FlatL2,LaBSE,open,10,"""0:19:09.571057""",1149.571057,19.159518,0.319325
FlatL2,LaBSE,open,20,"""0:20:42.217768""",1242.217768,20.703629,0.34506
FlatL2,LaBSE,source,1,"""0:18:06.560509""",1086.560509,18.109342,0.301822
FlatL2,LaBSE,source,5,"""0:18:26.533844""",1106.533844,18.442231,0.307371
FlatL2,LaBSE,source,10,"""0:19:10.042940""",1150.04294,19.167382,0.319456
FlatL2,LaBSE,source,20,"""0:20:43.133552""",1243.133552,20.718893,0.345315
FlatL2,LaBSE,title,1,"""0:18:09.458390""",1089.45839,18.15764,0.302627
FlatL2,LaBSE,title,5,"""0:18:26.668999""",1106.668999,18.444483,0.307408
FlatL2,LaBSE,title,10,"""0:19:13.780952""",1153.780952,19.229683,0.320495
FlatL2,LaBSE,title,20,"""0:20:43.716112""",1243.716112,20.728602,0.345477
FlatL2,SONAR,open,1,"""0:23:41.376106""",1421.376106,23.689602,0.394827
FlatL2,SONAR,open,5,"""0:24:13.261780""",1453.26178,24.22103,0.403684
FlatL2,SONAR,open,10,"""0:24:56.619793""",1496.619793,24.943663,0.415728
FlatL2,SONAR,open,20,"""0:26:25.660827""",1585.660827,26.42768,0.440461
FlatL2,SONAR,source,1,"""0:23:43.129168""",1423.129168,23.718819,0.395314
FlatL2,SONAR,source,5,"""0:24:07.653204""",1447.653204,24.127553,0.402126
FlatL2,SONAR,source,10,"""0:24:53.065594""",1493.065594,24.884427,0.41474
FlatL2,SONAR,source,20,"""0:26:27.982233""",1587.982233,26.466371,0.441106
FlatL2,SONAR,title,1,"""0:23:43.095869""",1423.095869,23.718264,0.395304
FlatL2,SONAR,title,5,"""0:24:11.440672""",1451.440672,24.190678,0.403178
FlatL2,SONAR,title,10,"""0:25:04.067881""",1504.067881,25.067798,0.417797
FlatL2,SONAR,title,20,"""0:26:38.754413""",1598.754413,26.645907,0.444098
FlatL2,distiluse-base,open,1,"""0:12:12.206010""",732.20601,12.203433,0.203391
FlatL2,distiluse-base,open,5,"""0:12:37.402935""",757.402935,12.623382,0.21039
FlatL2,distiluse-base,open,10,"""0:13:21.846072""",801.846072,13.364101,0.222735
FlatL2,distiluse-base,open,20,"""0:14:54.588764""",894.588764,14.909813,0.248497
FlatL2,distiluse-base,source,1,"""0:12:25.141977""",745.141977,12.419033,0.206984
FlatL2,distiluse-base,source,5,"""0:12:49.950161""",769.950161,12.832503,0.213875
FlatL2,distiluse-base,source,10,"""0:13:34.092458""",814.092458,13.568208,0.226137
FlatL2,distiluse-base,source,20,"""0:15:11.894201""",911.894201,15.198237,0.253304
FlatL2,distiluse-base,title,1,"""0:12:30.521288""",750.521288,12.508688,0.208478
FlatL2,distiluse-base,title,5,"""0:12:56.047889""",776.047889,12.934131,0.215569
FlatL2,distiluse-base,title,10,"""0:13:41.786885""",821.786885,13.696448,0.228274
FlatL2,distiluse-base,title,20,"""0:15:14.530554""",914.530554,15.242176,0.254036
FlatL2,distiluse-base-v2,open,1,"""0:12:40.230732""",760.230732,12.670512,0.211175
FlatL2,distiluse-base-v2,open,5,"""0:13:07.532864""",787.532864,13.125548,0.218759
FlatL2,distiluse-base-v2,open,10,"""0:13:52.526872""",832.526872,13.875448,0.231257
FlatL2,distiluse-base-v2,open,20,"""0:15:23.017415""",923.017415,15.383624,0.256394
FlatL2,distiluse-base-v2,source,1,"""0:12:28.869666""",748.869666,12.481161,0.208019
FlatL2,distiluse-base-v2,source,5,"""0:12:55.060823""",775.060823,12.91768,0.215295
FlatL2,distiluse-base-v2,source,10,"""0:13:40.834174""",820.834174,13.68057,0.228009
FlatL2,distiluse-base-v2,source,20,"""0:15:10.820079""",910.820079,15.180335,0.253006
FlatL2,distiluse-base-v2,title,1,"""0:12:37.283637""",757.283637,12.621394,0.210357
FlatL2,distiluse-base-v2,title,5,"""0:13:06.274572""",786.274572,13.104576,0.21841
FlatL2,distiluse-base-v2,title,10,"""0:13:51.117469""",831.117469,13.851958,0.230866
FlatL2,distiluse-base-v2,title,20,"""0:15:17.448593""",917.448593,15.29081,0.254847
FlatL2,paraphrase-MiniLM-L12,open,1,"""0:09:18.040292""",558.040292,9.300672,0.155011
FlatL2,paraphrase-MiniLM-L12,open,5,"""0:09:44.026009""",584.026009,9.733767,0.162229
FlatL2,paraphrase-MiniLM-L12,open,10,"""0:10:29.119874""",629.119874,10.485331,0.174756
FlatL2,paraphrase-MiniLM-L12,open,20,"""0:12:01.486630""",721.48663,12.024777,0.200413
FlatL2,paraphrase-MiniLM-L12,source,1,"""0:09:23.335106""",563.335106,9.388918,0.156482
FlatL2,paraphrase-MiniLM-L12,source,5,"""0:09:48.713710""",588.71371,9.811895,0.163532
FlatL2,paraphrase-MiniLM-L12,source,10,"""0:10:35.202083""",635.202083,10.586701,0.176445
FlatL2,paraphrase-MiniLM-L12,source,20,"""0:12:07.462098""",727.462098,12.124368,0.202073
FlatL2,paraphrase-MiniLM-L12,title,1,"""0:09:46.743682""",586.743682,9.779061,0.162984
FlatL2,paraphrase-MiniLM-L12,title,5,"""0:10:10.610701""",610.610701,10.176845,0.169614
FlatL2,paraphrase-MiniLM-L12,title,10,"""0:10:56.156029""",656.156029,10.935934,0.182266
FlatL2,paraphrase-MiniLM-L12,title,20,"""0:12:28.898968""",748.898968,12.481649,0.208027
FlatL2,paraphrase-mpnet,open,1,"""0:19:11.577806""",1151.577806,19.192963,0.319883
FlatL2,paraphrase-mpnet,open,5,"""0:19:24.589754""",1164.589754,19.409829,0.323497
FlatL2,paraphrase-mpnet,open,10,"""0:20:09.930998""",1209.930998,20.165517,0.336092
FlatL2,paraphrase-mpnet,open,20,"""0:21:43.511344""",1303.511344,21.725189,0.362086
FlatL2,paraphrase-mpnet,source,1,"""0:18:50.678617""",1130.678617,18.844644,0.314077
FlatL2,paraphrase-mpnet,source,5,"""0:19:02.521870""",1142.52187,19.042031,0.317367
FlatL2,paraphrase-mpnet,source,10,"""0:19:50.964239""",1190.964239,19.849404,0.330823
FlatL2,paraphrase-mpnet,source,20,"""0:21:21.804756""",1281.804756,21.363413,0.356057
FlatL2,paraphrase-mpnet,title,1,"""0:18:50.047010""",1130.04701,18.834117,0.313902
FlatL2,paraphrase-mpnet,title,5,"""0:19:11.384860""",1151.38486,19.189748,0.319829
FlatL2,paraphrase-mpnet,title,10,"""0:19:58.567892""",1198.567892,19.976132,0.332936
FlatL2,paraphrase-mpnet,title,20,"""0:21:25.053840""",1285.05384,21.417564,0.356959
FlatIP,E5_base,open,1,"""0:17:39.891007""",1059.891007,17.66485,0.294414
FlatIP,E5_base,open,5,"""0:18:15.691183""",1095.691183,18.26152,0.304359
FlatIP,E5_base,open,10,"""0:19:04.486572""",1144.486572,19.074776,0.317913
FlatIP,E5_base,open,20,"""0:20:37.367877""",1237.367877,20.622798,0.343713
FlatIP,E5_base,source,1,"""0:17:09.616086""",1029.616086,17.160268,0.286004
FlatIP,E5_base,source,5,"""0:17:40.291989""",1060.291989,17.671533,0.294526
FlatIP,E5_base,source,10,"""0:18:28.366260""",1108.36626,18.472771,0.30788
FlatIP,E5_base,source,20,"""0:19:58.995857""",1198.995857,19.983264,0.333054
FlatIP,E5_base,title,1,"""0:17:26.539708""",1046.539708,17.442328,0.290705
FlatIP,E5_base,title,5,"""0:18:21.254915""",1101.254915,18.354249,0.305904
FlatIP,E5_base,title,10,"""0:18:46.753423""",1126.753423,18.779224,0.312987
FlatIP,E5_base,title,20,"""0:20:16.143086""",1216.143086,20.269051,0.337818
FlatIP,E5_large,open,1,"""0:23:32.665659""",1412.665659,23.544428,0.392407
FlatIP,E5_large,open,5,"""0:23:46.434262""",1426.434262,23.773904,0.396232
FlatIP,E5_large,open,10,"""0:24:35.641750""",1475.64175,24.594029,0.4099
FlatIP,E5_large,open,20,"""0:26:10.480428""",1570.480428,26.174674,0.436245
FlatIP,E5_large,source,1,"""0:23:28.842555""",1408.842555,23.480709,0.391345
FlatIP,E5_large,source,5,"""0:24:02.133139""",1442.133139,24.035552,0.400593
FlatIP,E5_large,source,10,"""0:24:48.105818""",1488.105818,24.801764,0.413363
FlatIP,E5_large,source,20,"""0:26:23.367086""",1583.367086,26.389451,0.439824
FlatIP,E5_large,title,1,"""0:23:31.382144""",1411.382144,23.523036,0.392051
FlatIP,E5_large,title,5,"""0:24:00.560088""",1440.560088,24.009335,0.400156
FlatIP,E5_large,title,10,"""0:24:45.069397""",1485.069397,24.751157,0.412519
FlatIP,E5_large,title,20,"""0:26:18.235059""",1578.235059,26.303918,0.438399
FlatIP,E5_small,open,1,"""0:08:45.609816""",525.609816,8.760164,0.146003
FlatIP,E5_small,open,5,"""0:09:19.064788""",559.064788,9.317746,0.155296
FlatIP,E5_small,open,10,"""0:10:04.106907""",604.106907,10.068448,0.167807
FlatIP,E5_small,open,20,"""0:11:36.235620""",696.23562,11.603927,0.193399
FlatIP,E5_small,source,1,"""0:08:54.100113""",534.100113,8.901669,0.148361
FlatIP,E5_small,source,5,"""0:09:24.614289""",564.614289,9.410238,0.156837
FlatIP,E5_small,source,10,"""0:10:10.500453""",610.500453,10.175008,0.169583
FlatIP,E5_small,source,20,"""0:11:41.974991""",701.974991,11.699583,0.194993
FlatIP,E5_small,title,1,"""0:08:45.970092""",525.970092,8.766168,0.146103
FlatIP,E5_small,title,5,"""0:09:21.903920""",561.90392,9.365065,0.156084
FlatIP,E5_small,title,10,"""0:10:08.433529""",608.433529,10.140559,0.169009
FlatIP,E5_small,title,20,"""0:11:37.168517""",697.168517,11.619475,0.193658
FlatIP,LaBSE,open,1,"""0:18:00.705299""",1080.705299,18.011755,0.300196
FlatIP,LaBSE,open,5,"""0:18:24.124829""",1104.124829,18.40208,0.306701
FlatIP,LaBSE,open,10,"""0:19:08.367997""",1148.367997,19.139467,0.318991
FlatIP,LaBSE,open,20,"""0:20:40.588404""",1240.588404,20.676473,0.344608
FlatIP,LaBSE,source,1,"""0:17:52.690103""",1072.690103,17.878168,0.297969
FlatIP,LaBSE,source,5,"""0:18:18.270954""",1098.270954,18.304516,0.305075
FlatIP,LaBSE,source,10,"""0:19:05.572179""",1145.572179,19.09287,0.318214
FlatIP,LaBSE,source,20,"""0:20:35.650612""",1235.650612,20.594177,0.343236
FlatIP,LaBSE,title,1,"""0:17:57.522910""",1077.52291,17.958715,0.299312
FlatIP,LaBSE,title,5,"""0:18:21.231650""",1101.23165,18.353861,0.305898
FlatIP,LaBSE,title,10,"""0:19:09.584021""",1149.584021,19.159734,0.319329
FlatIP,LaBSE,title,20,"""0:20:46.298968""",1246.298968,20.771649,0.346194
FlatIP,SONAR,open,1,"""0:23:15.114975""",1395.114975,23.251916,0.387532
FlatIP,SONAR,open,5,"""0:23:58.048937""",1438.048937,23.967482,0.399458
FlatIP,SONAR,open,10,"""0:24:45.515268""",1485.515268,24.758588,0.412643
FlatIP,SONAR,open,20,"""0:26:16.517042""",1576.517042,26.275284,0.437921
FlatIP,SONAR,source,1,"""0:23:16.720046""",1396.720046,23.278667,0.387978
FlatIP,SONAR,source,5,"""0:25:14.364570""",1514.36457,25.23941,0.420657
FlatIP,SONAR,source,10,"""0:25:00.261361""",1500.261361,25.004356,0.416739
FlatIP,SONAR,source,20,"""0:26:21.895235""",1581.895235,26.364921,0.439415
FlatIP,SONAR,title,1,"""0:23:32.182083""",1412.182083,23.536368,0.392273
FlatIP,SONAR,title,5,"""0:24:09.599157""",1449.599157,24.159986,0.402666
FlatIP,SONAR,title,10,"""0:24:57.891989""",1497.891989,24.964866,0.416081
FlatIP,SONAR,title,20,"""0:26:28.296213""",1588.296213,26.471604,0.441193
FlatIP,distiluse-base,open,1,"""0:11:49.065289""",709.065289,11.817755,0.196963
FlatIP,distiluse-base,open,5,"""0:12:20.847125""",740.847125,12.347452,0.205791
FlatIP,distiluse-base,open,10,"""0:13:07.507787""",787.507787,13.12513,0.218752
FlatIP,distiluse-base,open,20,"""0:14:37.036949""",877.036949,14.617282,0.243621
FlatIP,distiluse-base,source,1,"""0:11:39.233743""",699.233743,11.653896,0.194232
FlatIP,distiluse-base,source,5,"""0:12:11.109712""",731.109712,12.185162,0.203086
FlatIP,distiluse-base,source,10,"""0:12:58.795853""",778.795853,12.979931,0.216332
FlatIP,distiluse-base,source,20,"""0:14:30.356263""",870.356263,14.505938,0.241766
FlatIP,distiluse-base,title,1,"""0:11:21.570868""",681.570868,11.359514,0.189325
FlatIP,distiluse-base,title,5,"""0:11:52.176063""",712.176063,11.869601,0.197827
FlatIP,distiluse-base,title,10,"""0:13:50.209176""",830.209176,13.83682,0.230614
FlatIP,distiluse-base,title,20,"""0:15:51.474598""",951.474598,15.85791,0.264298
FlatIP,distiluse-base-v2,open,1,"""0:16:19.918895""",979.918895,16.331982,0.2722
FlatIP,distiluse-base-v2,open,5,"""0:14:28.833233""",868.833233,14.480554,0.241343
FlatIP,distiluse-base-v2,open,10,"""0:13:09.449755""",789.449755,13.157496,0.219292
FlatIP,distiluse-base-v2,open,20,"""0:14:35.933982""",875.933982,14.5989,0.243315
FlatIP,distiluse-base-v2,source,1,"""0:11:40.061679""",700.061679,11.667695,0.194462
FlatIP,distiluse-base-v2,source,5,"""0:12:10.136420""",730.13642,12.16894,0.202816
FlatIP,distiluse-base-v2,source,10,"""0:12:53.133357""",773.133357,12.885556,0.214759
FlatIP,distiluse-base-v2,source,20,"""0:14:19.721868""",859.721868,14.328698,0.238812
FlatIP,distiluse-base-v2,title,1,"""0:11:26.054493""",686.054493,11.434242,0.190571
FlatIP,distiluse-base-v2,title,5,"""0:11:56.563669""",716.563669,11.942728,0.199045
FlatIP,distiluse-base-v2,title,10,"""0:12:40.106228""",760.106228,12.668437,0.211141
FlatIP,distiluse-base-v2,title,20,"""0:14:07.113268""",847.113268,14.118554,0.235309
FlatIP,paraphrase-MiniLM-L12,open,1,"""0:08:36.476913""",516.476913,8.607949,0.143466
FlatIP,paraphrase-MiniLM-L12,open,5,"""0:09:07.758286""",547.758286,9.129305,0.152155
FlatIP,paraphrase-MiniLM-L12,open,10,"""0:09:56.079506""",596.079506,9.934658,0.165578
FlatIP,paraphrase-MiniLM-L12,open,20,"""0:11:37.354697""",697.354697,11.622578,0.19371
FlatIP,paraphrase-MiniLM-L12,source,1,"""0:08:44.459405""",524.459405,8.74099,0.145683
FlatIP,paraphrase-MiniLM-L12,source,5,"""0:09:11.917208""",551.917208,9.19862,0.15331
FlatIP,paraphrase-MiniLM-L12,source,10,"""0:09:48.844437""",588.844437,9.814074,0.163568
FlatIP,paraphrase-MiniLM-L12,source,20,"""0:11:14.007584""",674.007584,11.23346,0.187224
FlatIP,paraphrase-MiniLM-L12,title,1,"""0:08:25.758101""",505.758101,8.429302,0.140488
FlatIP,paraphrase-MiniLM-L12,title,5,"""0:08:58.687342""",538.687342,8.978122,0.149635
FlatIP,paraphrase-MiniLM-L12,title,10,"""0:09:41.415552""",581.415552,9.690259,0.161504
FlatIP,paraphrase-MiniLM-L12,title,20,"""0:11:10.511370""",670.51137,11.17519,0.186253
FlatIP,paraphrase-mpnet,open,1,"""0:17:03.554521""",1023.554521,17.059242,0.284321
FlatIP,paraphrase-mpnet,open,5,"""0:17:35.751131""",1055.751131,17.595852,0.293264
FlatIP,paraphrase-mpnet,open,10,"""0:18:17.707724""",1097.707724,18.295129,0.304919
FlatIP,paraphrase-mpnet,open,20,"""0:19:47.525588""",1187.525588,19.792093,0.329868
FlatIP,paraphrase-mpnet,source,1,"""0:17:23.802929""",1043.802929,17.396715,0.289945
FlatIP,paraphrase-mpnet,source,5,"""0:17:59.545697""",1079.545697,17.992428,0.299874
FlatIP,paraphrase-mpnet,source,10,"""0:18:46.953918""",1126.953918,18.782565,0.313043
FlatIP,paraphrase-mpnet,source,20,"""0:20:15.129410""",1215.12941,20.252157,0.337536
FlatIP,paraphrase-mpnet,title,1,"""0:17:35.137030""",1055.13703,17.585617,0.293094
FlatIP,paraphrase-mpnet,title,5,"""0:18:06.454263""",1086.454263,18.107571,0.301793
FlatIP,paraphrase-mpnet,title,10,"""0:18:50.569264""",1130.569264,18.842821,0.314047
FlatIP,paraphrase-mpnet,title,20,"""0:20:17.553389""",1217.553389,20.292556,0.338209
HNSWFlat,E5_base,open,1,"""0:01:05.914131""",65.914131,1.098569,0.018309
HNSWFlat,E5_base,open,5,"""0:02:00.449754""",120.449754,2.007496,0.033458
HNSWFlat,E5_base,open,10,"""0:03:09.769851""",189.769851,3.162831,0.052714
HNSWFlat,E5_base,open,20,"""0:05:27.454586""",327.454586,5.457576,0.09096
HNSWFlat,E5_base,source,1,"""0:01:00.114153""",60.114153,1.001903,0.016698
HNSWFlat,E5_base,source,5,"""0:01:55.266371""",115.266371,1.921106,0.032018
HNSWFlat,E5_base,source,10,"""0:03:03.774880""",183.77488,3.062915,0.051049
HNSWFlat,E5_base,source,20,"""0:05:21.226218""",321.226218,5.35377,0.08923
HNSWFlat,E5_base,title,1,"""0:01:04.477442""",64.477442,1.074624,0.01791
HNSWFlat,E5_base,title,5,"""0:02:00.754761""",120.754761,2.012579,0.033543
HNSWFlat,E5_base,title,10,"""0:03:10.010115""",190.010115,3.166835,0.052781
HNSWFlat,E5_base,title,20,"""0:05:28.202647""",328.202647,5.470044,0.091167
HNSWFlat,E5_large,open,1,"""0:01:05.967643""",65.967643,1.099461,0.018324
HNSWFlat,E5_large,open,5,"""0:02:02.722073""",122.722073,2.045368,0.034089
HNSWFlat,E5_large,open,10,"""0:03:12.927277""",192.927277,3.215455,0.053591
HNSWFlat,E5_large,open,20,"""0:05:33.039049""",333.039049,5.550651,0.092511
HNSWFlat,E5_large,source,1,"""0:01:05.875094""",65.875094,1.097918,0.018299
HNSWFlat,E5_large,source,5,"""0:02:01.444747""",121.444747,2.024079,0.033735
HNSWFlat,E5_large,source,10,"""0:03:10.653223""",190.653223,3.177554,0.052959
HNSWFlat,E5_large,source,20,"""0:05:28.628999""",328.628999,5.47715,0.091286
HNSWFlat,E5_large,title,1,"""0:01:07.638048""",67.638048,1.127301,0.018788
HNSWFlat,E5_large,title,5,"""0:02:03.236157""",123.236157,2.053936,0.034232
HNSWFlat,E5_large,title,10,"""0:03:11.709490""",191.70949,3.195158,0.053253
HNSWFlat,E5_large,title,20,"""0:05:30.831540""",330.83154,5.513859,0.091898
HNSWFlat,E5_small,open,1,"""0:00:57.917348""",57.917348,0.965289,0.016088
HNSWFlat,E5_small,open,5,"""0:01:53.667644""",113.667644,1.894461,0.031574
HNSWFlat,E5_small,open,10,"""0:03:02.686057""",182.686057,3.044768,0.050746
HNSWFlat,E5_small,open,20,"""0:05:21.970893""",321.970893,5.366182,0.089436
HNSWFlat,E5_small,source,1,"""0:00:56.553563""",56.553563,0.942559,0.015709
HNSWFlat,E5_small,source,5,"""0:01:51.975178""",111.975178,1.866253,0.031104
HNSWFlat,E5_small,source,10,"""0:02:58.191106""",178.191106,2.969852,0.049498
HNSWFlat,E5_small,source,20,"""0:05:10.150185""",310.150185,5.16917,0.086153
HNSWFlat,E5_small,title,1,"""0:00:58.920723""",58.920723,0.982012,0.016367
HNSWFlat,E5_small,title,5,"""0:01:54.810646""",114.810646,1.913511,0.031892
HNSWFlat,E5_small,title,10,"""0:03:03.780793""",183.780793,3.063013,0.05105
HNSWFlat,E5_small,title,20,"""0:05:21.338681""",321.338681,5.355645,0.089261
HNSWFlat,LaBSE,open,1,"""0:01:01.540405""",61.540405,1.025673,0.017095
HNSWFlat,LaBSE,open,5,"""0:01:57.603103""",117.603103,1.960052,0.032668
HNSWFlat,LaBSE,open,10,"""0:03:06.284575""",186.284575,3.104743,0.051746
HNSWFlat,LaBSE,open,20,"""0:05:24.909117""",324.909117,5.415152,0.090253
HNSWFlat,LaBSE,source,1,"""0:01:00.868390""",60.86839,1.014473,0.016908
HNSWFlat,LaBSE,source,5,"""0:01:57.626256""",117.626256,1.960438,0.032674
HNSWFlat,LaBSE,source,10,"""0:03:06.544872""",186.544872,3.109081,0.051818
HNSWFlat,LaBSE,source,20,"""0:05:25.433720""",325.43372,5.423895,0.090398
HNSWFlat,LaBSE,title,1,"""0:01:03.664434""",63.664434,1.061074,0.017685
HNSWFlat,LaBSE,title,5,"""0:01:59.520448""",119.520448,1.992007,0.0332
HNSWFlat,LaBSE,title,10,"""0:03:08.093599""",188.093599,3.134893,0.052248
HNSWFlat,LaBSE,title,20,"""0:05:27.443034""",327.443034,5.457384,0.090956
HNSWFlat,SONAR,open,1,"""0:01:21.755705""",81.755705,1.362595,0.02271
HNSWFlat,SONAR,open,5,"""0:02:11.229755""",131.229755,2.187163,0.036453
HNSWFlat,SONAR,open,10,"""0:03:20.023712""",200.023712,3.333729,0.055562
HNSWFlat,SONAR,open,20,"""0:05:37.951672""",337.951672,5.632528,0.093875
HNSWFlat,SONAR,source,1,"""0:01:19.090311""",79.090311,1.318172,0.02197
HNSWFlat,SONAR,source,5,"""0:02:08.971732""",128.971732,2.149529,0.035825
HNSWFlat,SONAR,source,10,"""0:03:17.701794""",197.701794,3.29503,0.054917
HNSWFlat,SONAR,source,20,"""0:05:35.998265""",335.998265,5.599971,0.093333
HNSWFlat,SONAR,title,1,"""0:01:18.652666""",78.652666,1.310878,0.021848
HNSWFlat,SONAR,title,5,"""0:02:08.345015""",128.345015,2.139084,0.035651
HNSWFlat,SONAR,title,10,"""0:03:17.547542""",197.547542,3.292459,0.054874
HNSWFlat,SONAR,title,20,"""0:05:36.387966""",336.387966,5.606466,0.093441
HNSWFlat,distiluse-base,open,1,"""0:00:58.610765""",58.610765,0.976846,0.016281
HNSWFlat,distiluse-base,open,5,"""0:01:55.424481""",115.424481,1.923741,0.032062
HNSWFlat,distiluse-base,open,10,"""0:03:05.258571""",185.258571,3.087643,0.051461
HNSWFlat,distiluse-base,open,20,"""0:05:25.591236""",325.591236,5.426521,0.090442
HNSWFlat,distiluse-base,source,1,"""0:00:59.009533""",59.009533,0.983492,0.016392
HNSWFlat,distiluse-base,source,5,"""0:01:55.120453""",115.120453,1.918674,0.031978
HNSWFlat,distiluse-base,source,10,"""0:03:04.115250""",184.11525,3.068588,0.051143
HNSWFlat,distiluse-base,source,20,"""0:05:23.608423""",323.608423,5.393474,0.089891
HNSWFlat,distiluse-base,title,1,"""0:01:00.799138""",60.799138,1.013319,0.016889
HNSWFlat,distiluse-base,title,5,"""0:01:57.169738""",117.169738,1.952829,0.032547
HNSWFlat,distiluse-base,title,10,"""0:03:06.478526""",186.478526,3.107975,0.0518
HNSWFlat,distiluse-base,title,20,"""0:05:25.056936""",325.056936,5.417616,0.090294
HNSWFlat,distiluse-base-v2,open,1,"""0:00:58.471941""",58.471941,0.974532,0.016242
HNSWFlat,distiluse-base-v2,open,5,"""0:01:54.493775""",114.493775,1.90823,0.031804
HNSWFlat,distiluse-base-v2,open,10,"""0:03:03.625919""",183.625919,3.060432,0.051007
HNSWFlat,distiluse-base-v2,open,20,"""0:05:22.516204""",322.516204,5.37527,0.089588
HNSWFlat,distiluse-base-v2,source,1,"""0:00:58.866589""",58.866589,0.98111,0.016352
HNSWFlat,distiluse-base-v2,source,5,"""0:01:54.760204""",114.760204,1.91267,0.031878
HNSWFlat,distiluse-base-v2,source,10,"""0:03:04.044467""",184.044467,3.067408,0.051123
HNSWFlat,distiluse-base-v2,source,20,"""0:05:22.883446""",322.883446,5.381391,0.08969
HNSWFlat,distiluse-base-v2,title,1,"""0:01:01.232586""",61.232586,1.020543,0.017009
HNSWFlat,distiluse-base-v2,title,5,"""0:01:57.041530""",117.04153,1.950692,0.032512
HNSWFlat,distiluse-base-v2,title,10,"""0:03:05.748150""",185.74815,3.095803,0.051597
HNSWFlat,distiluse-base-v2,title,20,"""0:05:23.816646""",323.816646,5.396944,0.089949
HNSWFlat,paraphrase-MiniLM-L12,open,1,"""0:00:58.096990""",58.09699,0.968283,0.016138
HNSWFlat,paraphrase-MiniLM-L12,open,5,"""0:01:54.138382""",114.138382,1.902306,0.031705
HNSWFlat,paraphrase-MiniLM-L12,open,10,"""0:03:03.533416""",183.533416,3.05889,0.050982
HNSWFlat,paraphrase-MiniLM-L12,open,20,"""0:05:22.557185""",322.557185,5.375953,0.089599
HNSWFlat,paraphrase-MiniLM-L12,source,1,"""0:00:58.232265""",58.232265,0.970538,0.016176
HNSWFlat,paraphrase-MiniLM-L12,source,5,"""0:01:54.672680""",114.67268,1.911211,0.031854
HNSWFlat,paraphrase-MiniLM-L12,source,10,"""0:03:03.636833""",183.636833,3.060614,0.05101
HNSWFlat,paraphrase-MiniLM-L12,source,20,"""0:05:22.695731""",322.695731,5.378262,0.089638
HNSWFlat,paraphrase-MiniLM-L12,title,1,"""0:01:00.528152""",60.528152,1.008803,0.016813
HNSWFlat,paraphrase-MiniLM-L12,title,5,"""0:01:56.834579""",116.834579,1.947243,0.032454
HNSWFlat,paraphrase-MiniLM-L12,title,10,"""0:03:05.724659""",185.724659,3.095411,0.05159
HNSWFlat,paraphrase-MiniLM-L12,title,20,"""0:05:24.254997""",324.254997,5.40425,0.090071
HNSWFlat,paraphrase-mpnet,open,1,"""0:01:01.958825""",61.958825,1.032647,0.017211
HNSWFlat,paraphrase-mpnet,open,5,"""0:01:59.015974""",119.015974,1.9836,0.03306
HNSWFlat,paraphrase-mpnet,open,10,"""0:03:08.844161""",188.844161,3.147403,0.052457
HNSWFlat,paraphrase-mpnet,open,20,"""0:05:29.768595""",329.768595,5.496143,0.091602
HNSWFlat,paraphrase-mpnet,source,1,"""0:01:01.879098""",61.879098,1.031318,0.017189
HNSWFlat,paraphrase-mpnet,source,5,"""0:01:58.862193""",118.862193,1.981037,0.033017
HNSWFlat,paraphrase-mpnet,source,10,"""0:03:08.866243""",188.866243,3.147771,0.052463
HNSWFlat,paraphrase-mpnet,source,20,"""0:05:29.181951""",329.181951,5.486366,0.091439
HNSWFlat,paraphrase-mpnet,title,1,"""0:01:06.708360""",66.70836,1.111806,0.01853
HNSWFlat,paraphrase-mpnet,title,5,"""0:02:02.710869""",122.710869,2.045181,0.034086
HNSWFlat,paraphrase-mpnet,title,10,"""0:03:11.785289""",191.785289,3.196421,0.053274
HNSWFlat,paraphrase-mpnet,title,20,"""0:05:30.836646""",330.836646,5.513944,0.091899
IVFFlat,E5_base,open,1,"""0:01:45.666524""",105.666524,1.761109,0.029352
IVFFlat,E5_base,open,5,"""0:02:21.871109""",141.871109,2.364518,0.039409
IVFFlat,E5_base,open,10,"""0:03:06.204739""",186.204739,3.103412,0.051724
IVFFlat,E5_base,open,20,"""0:04:34.397047""",274.397047,4.573284,0.076221
IVFFlat,E5_base,source,1,"""0:01:46.718660""",106.71866,1.778644,0.029644
IVFFlat,E5_base,source,5,"""0:02:22.816442""",142.816442,2.380274,0.039671
IVFFlat,E5_base,source,10,"""0:03:07.758745""",187.758745,3.129312,0.052155
IVFFlat,E5_base,source,20,"""0:04:33.545574""",273.545574,4.559093,0.075985
IVFFlat,E5_base,title,1,"""0:02:21.900760""",141.90076,2.365013,0.039417
IVFFlat,E5_base,title,5,"""0:02:56.107718""",176.107718,2.935129,0.048919
IVFFlat,E5_base,title,10,"""0:03:39.881297""",219.881297,3.664688,0.061078
IVFFlat,E5_base,title,20,"""0:05:05.303204""",305.303204,5.088387,0.084806
IVFFlat,E5_large,open,1,"""0:02:20.829521""",140.829521,2.347159,0.039119
IVFFlat,E5_large,open,5,"""0:02:56.440573""",176.440573,2.940676,0.049011
IVFFlat,E5_large,open,10,"""0:03:41.465806""",221.465806,3.691097,0.061518
IVFFlat,E5_large,open,20,"""0:05:09.066514""",309.066514,5.151109,0.085852
IVFFlat,E5_large,source,1,"""0:02:39.574204""",159.574204,2.65957,0.044326
IVFFlat,E5_large,source,5,"""0:03:12.790267""",192.790267,3.213171,0.053553
IVFFlat,E5_large,source,10,"""0:03:58.192487""",238.192487,3.969875,0.066165
IVFFlat,E5_large,source,20,"""0:05:24.838168""",324.838168,5.413969,0.090233
IVFFlat,E5_large,title,1,"""0:02:44.267859""",164.267859,2.737798,0.04563
IVFFlat,E5_large,title,5,"""0:03:18.708890""",198.70889,3.311815,0.055197
IVFFlat,E5_large,title,10,"""0:04:02.670285""",242.670285,4.044505,0.067408
IVFFlat,E5_large,title,20,"""0:05:27.821226""",327.821226,5.463687,0.091061
IVFFlat,E5_small,open,1,"""0:00:59.891691""",59.891691,0.998195,0.016637
IVFFlat,E5_small,open,5,"""0:01:36.118400""",96.1184,1.601973,0.0267
IVFFlat,E5_small,open,10,"""0:02:18.910593""",138.910593,2.315177,0.038586
IVFFlat,E5_small,open,20,"""0:03:44.814265""",224.814265,3.746904,0.062448
IVFFlat,E5_small,source,1,"""0:00:55.965810""",55.96581,0.932763,0.015546
IVFFlat,E5_small,source,5,"""0:01:31.628920""",91.62892,1.527149,0.025452
IVFFlat,E5_small,source,10,"""0:02:14.839253""",134.839253,2.247321,0.037455
IVFFlat,E5_small,source,20,"""0:03:39.647714""",219.647714,3.660795,0.061013
IVFFlat,E5_small,title,1,"""0:01:18.101928""",78.101928,1.301699,0.021695
IVFFlat,E5_small,title,5,"""0:01:53.882793""",113.882793,1.898047,0.031634
IVFFlat,E5_small,title,10,"""0:02:35.925857""",155.925857,2.598764,0.043313
IVFFlat,E5_small,title,20,"""0:04:01.562873""",241.562873,4.026048,0.067101
IVFFlat,LaBSE,open,1,"""0:01:39.765297""",99.765297,1.662755,0.027713
IVFFlat,LaBSE,open,5,"""0:02:15.055962""",135.055962,2.250933,0.037516
IVFFlat,LaBSE,open,10,"""0:02:59.046911""",179.046911,2.984115,0.049735
IVFFlat,LaBSE,open,20,"""0:04:24.555188""",264.555188,4.409253,0.073488
IVFFlat,LaBSE,source,1,"""0:01:52.507109""",112.507109,1.875118,0.031252
IVFFlat,LaBSE,source,5,"""0:02:28.166447""",148.166447,2.469441,0.041157
IVFFlat,LaBSE,source,10,"""0:03:12.737755""",192.737755,3.212296,0.053538
IVFFlat,LaBSE,source,20,"""0:04:37.516452""",277.516452,4.625274,0.077088
IVFFlat,LaBSE,title,1,"""0:01:50.607830""",110.60783,1.843464,0.030724
IVFFlat,LaBSE,title,5,"""0:02:26.400952""",146.400952,2.440016,0.040667
IVFFlat,LaBSE,title,10,"""0:03:11.195607""",191.195607,3.186593,0.05311
IVFFlat,LaBSE,title,20,"""0:04:37.834143""",277.834143,4.630569,0.077176
IVFFlat,SONAR,open,1,"""0:11:24.491246""",684.491246,11.408187,0.190136
IVFFlat,SONAR,open,5,"""0:11:52.277908""",712.277908,11.871298,0.197855
IVFFlat,SONAR,open,10,"""0:12:35.259998""",755.259998,12.587667,0.209794
IVFFlat,SONAR,open,20,"""0:13:59.743056""",839.743056,13.995718,0.233262
IVFFlat,SONAR,source,1,"""0:07:24.185054""",444.185054,7.403084,0.123385
IVFFlat,SONAR,source,5,"""0:07:51.878308""",471.878308,7.864638,0.131077
IVFFlat,SONAR,source,10,"""0:08:35.835527""",515.835527,8.597259,0.143288
IVFFlat,SONAR,source,20,"""0:10:03.200139""",603.200139,10.053336,0.167556
IVFFlat,SONAR,title,1,"""0:07:10.333178""",430.333178,7.17222,0.119537
IVFFlat,SONAR,title,5,"""0:07:37.521717""",457.521717,7.625362,0.127089
IVFFlat,SONAR,title,10,"""0:08:20.935525""",500.935525,8.348925,0.139149
IVFFlat,SONAR,title,20,"""0:09:48.387361""",588.387361,9.806456,0.163441
IVFFlat,distiluse-base,open,1,"""0:01:23.154882""",83.154882,1.385915,0.023099
IVFFlat,distiluse-base,open,5,"""0:01:59.615562""",119.615562,1.993593,0.033227
IVFFlat,distiluse-base,open,10,"""0:02:42.150565""",162.150565,2.702509,0.045042
IVFFlat,distiluse-base,open,20,"""0:04:08.119453""",248.119453,4.135324,0.068922
IVFFlat,distiluse-base,source,1,"""0:01:24.392813""",84.392813,1.406547,0.023442
IVFFlat,distiluse-base,source,5,"""0:01:59.526107""",119.526107,1.992102,0.033202
IVFFlat,distiluse-base,source,10,"""0:02:43.306665""",163.306665,2.721778,0.045363
IVFFlat,distiluse-base,source,20,"""0:04:08.770446""",248.770446,4.146174,0.069103
IVFFlat,distiluse-base,title,1,"""0:01:26.757635""",86.757635,1.445961,0.024099
IVFFlat,distiluse-base,title,5,"""0:02:01.577258""",121.577258,2.026288,0.033771
IVFFlat,distiluse-base,title,10,"""0:02:45.798856""",165.798856,2.763314,0.046055
IVFFlat,distiluse-base,title,20,"""0:04:10.290053""",250.290053,4.171501,0.069525
IVFFlat,distiluse-base-v2,open,1,"""0:01:22.798650""",82.79865,1.379977,0.023
IVFFlat,distiluse-base-v2,open,5,"""0:01:59.187411""",119.187411,1.986457,0.033108
IVFFlat,distiluse-base-v2,open,10,"""0:02:41.705554""",161.705554,2.695093,0.044918
IVFFlat,distiluse-base-v2,open,20,"""0:04:07.503789""",247.503789,4.125063,0.068751
IVFFlat,distiluse-base-v2,source,1,"""0:01:24.234504""",84.234504,1.403908,0.023398
IVFFlat,distiluse-base-v2,source,5,"""0:02:01.466160""",121.46616,2.024436,0.033741
IVFFlat,distiluse-base-v2,source,10,"""0:02:44.927202""",164.927202,2.748787,0.045813
IVFFlat,distiluse-base-v2,source,20,"""0:04:12.390288""",252.390288,4.206505,0.070108
IVFFlat,distiluse-base-v2,title,1,"""0:01:26.589523""",86.589523,1.443159,0.024053
IVFFlat,distiluse-base-v2,title,5,"""0:02:01.526909""",121.526909,2.025448,0.033757
IVFFlat,distiluse-base-v2,title,10,"""0:02:46.525316""",166.525316,2.775422,0.046257
IVFFlat,distiluse-base-v2,title,20,"""0:04:11.942752""",251.942752,4.199046,0.069984
IVFFlat,paraphrase-MiniLM-L12,open,1,"""0:01:05.212866""",65.212866,1.086881,0.018115
IVFFlat,paraphrase-MiniLM-L12,open,5,"""0:01:41.897715""",101.897715,1.698295,0.028305
IVFFlat,paraphrase-MiniLM-L12,open,10,"""0:02:24.586064""",144.586064,2.409768,0.040163
IVFFlat,paraphrase-MiniLM-L12,open,20,"""0:03:50.634075""",230.634075,3.843901,0.064065
IVFFlat,paraphrase-MiniLM-L12,source,1,"""0:01:10.355347""",70.355347,1.172589,0.019543
IVFFlat,paraphrase-MiniLM-L12,source,5,"""0:01:47.104869""",107.104869,1.785081,0.029751
IVFFlat,paraphrase-MiniLM-L12,source,10,"""0:02:30.173664""",150.173664,2.502894,0.041715
IVFFlat,paraphrase-MiniLM-L12,source,20,"""0:03:57.119383""",237.119383,3.95199,0.065866
IVFFlat,paraphrase-MiniLM-L12,title,1,"""0:01:39.881586""",99.881586,1.664693,0.027745
IVFFlat,paraphrase-MiniLM-L12,title,5,"""0:02:15.199204""",135.199204,2.25332,0.037555
IVFFlat,paraphrase-MiniLM-L12,title,10,"""0:02:59.014041""",179.014041,2.983567,0.049726
IVFFlat,paraphrase-MiniLM-L12,title,20,"""0:04:24.723839""",264.723839,4.412064,0.073534
IVFFlat,paraphrase-mpnet,open,1,"""0:01:51.664767""",111.664767,1.861079,0.031018
IVFFlat,paraphrase-mpnet,open,5,"""0:02:26.872930""",146.87293,2.447882,0.040798
IVFFlat,paraphrase-mpnet,open,10,"""0:03:12.784650""",192.78465,3.213077,0.053551
IVFFlat,paraphrase-mpnet,open,20,"""0:04:38.813713""",278.813713,4.646895,0.077448
IVFFlat,paraphrase-mpnet,source,1,"""0:01:55.564107""",115.564107,1.926068,0.032101
IVFFlat,paraphrase-mpnet,source,5,"""0:02:30.664536""",150.664536,2.511076,0.041851
IVFFlat,paraphrase-mpnet,source,10,"""0:03:15.218122""",195.218122,3.253635,0.054227
IVFFlat,paraphrase-mpnet,source,20,"""0:04:42.401752""",282.401752,4.706696,0.078445
IVFFlat,paraphrase-mpnet,title,1,"""0:01:59.569478""",119.569478,1.992825,0.033214
IVFFlat,paraphrase-mpnet,title,5,"""0:02:34.635052""",154.635052,2.577251,0.042954
IVFFlat,paraphrase-mpnet,title,10,"""0:03:18.475789""",198.475789,3.30793,0.055132
IVFFlat,paraphrase-mpnet,title,20,"""0:04:43.123150""",283.12315,4.718719,0.078645
